{"cameraMode":{"drawMode":0,"name":"Shaded","section":"Shading Mode"},"sceneLighting":false,"audioPlay":false,"sceneViewState":{"showFog":true,"showMaterialUpdate":false,"showSkybox":false,"showFlares":true,"showImageEffects":true,"showParticleSystems":true},"in2DMode":false,"pivot":{"x":0.922313928604126,"y":-5.000051498413086,"z":17.011211395263673},"rotation":{"x":0.22307923436164857,"y":-0.021378695964813234,"z":0.004933394491672516,"w":0.9746846556663513},"size":16.051944732666017,"orthographic":false}