{"cameraMode":{"drawMode":0,"name":"Shaded","section":"Shading Mode"},"sceneLighting":false,"audioPlay":false,"sceneViewState":{"showFog":true,"showMaterialUpdate":false,"showSkybox":false,"showFlares":true,"showImageEffects":true,"showParticleSystems":true},"in2DMode":false,"pivot":{"x":0.21744675934314729,"y":-7.8643388748168949,"z":18.6492919921875},"rotation":{"x":0.23470082879066468,"y":-0.030051447451114656,"z":0.007355809677392244,"w":0.9717081785202026},"size":15.945243835449219,"orthographic":false}