{"cameraMode":{"drawMode":0,"name":"Shaded","section":"Shading Mode"},"sceneLighting":false,"audioPlay":false,"sceneViewState":{"showFog":true,"showMaterialUpdate":false,"showSkybox":true,"showFlares":true,"showImageEffects":true,"showParticleSystems":true},"in2DMode":false,"pivot":{"x":-25.766271591186525,"y":-6.823883056640625,"z":52.332481384277347},"rotation":{"x":0.15371516346931458,"y":-0.32949259877204897,"z":0.05446358770132065,"w":0.9299707412719727},"size":16.01007080078125,"orthographic":false}