{"cameraMode":{"drawMode":0,"name":"Shaded","section":"Shading Mode"},"sceneLighting":false,"audioPlay":false,"sceneViewState":{"showFog":true,"showMaterialUpdate":false,"showSkybox":false,"showFlares":true,"showImageEffects":true,"showParticleSystems":true},"in2DMode":false,"pivot":{"x":-4.066946029663086,"y":-5.68748140335083,"z":19.169605255126954},"rotation":{"x":-0.1501503884792328,"y":0.0994943156838417,"z":-0.015413886867463589,"w":-0.9836553931236267},"size":15.945223808288575,"orthographic":false}