{"cameraMode":{"drawMode":0,"name":"Shaded","section":"Shading Mode"},"sceneLighting":false,"audioPlay":false,"sceneViewState":{"showFog":true,"showMaterialUpdate":false,"showSkybox":false,"showFlares":true,"showImageEffects":true,"showParticleSystems":true},"in2DMode":false,"pivot":{"x":-0.0000019073486328125,"y":-2.5593254566192629,"z":0.00000762939453125},"rotation":{"x":0.26097387075424197,"y":0.0005457652732729912,"z":-0.00014582184667233378,"w":0.9654703736305237},"size":21.49043083190918,"orthographic":false}