{"cameraMode":{"drawMode":0,"name":"Shaded","section":"Shading Mode"},"sceneLighting":false,"audioPlay":false,"sceneViewState":{"showFog":true,"showMaterialUpdate":false,"showSkybox":true,"showFlares":true,"showImageEffects":true,"showParticleSystems":true},"in2DMode":false,"pivot":{"x":-20.281627655029298,"y":-7.742251873016357,"z":27.522966384887697},"rotation":{"x":-0.14127515256404878,"y":0.6802217364311218,"z":-0.1369350552558899,"w":-0.706390380859375},"size":15.75709056854248,"orthographic":false}