{"cameraMode":{"drawMode":0,"name":"Shaded","section":"Shading Mode"},"sceneLighting":false,"audioPlay":false,"sceneViewState":{"showFog":true,"showMaterialUpdate":false,"showSkybox":false,"showFlares":true,"showImageEffects":true,"showParticleSystems":true},"in2DMode":false,"pivot":{"x":7.837183475494385,"y":-12.568264961242676,"z":19.174551010131837},"rotation":{"x":0.23481394350528718,"y":0.004937542136758566,"z":-0.0011218430008739234,"w":0.972157895565033},"size":16.033979415893556,"orthographic":false}