{"cameraMode":{"drawMode":0,"name":"Shaded","section":"Shading Mode"},"sceneLighting":false,"audioPlay":false,"sceneViewState":{"showFog":true,"showMaterialUpdate":false,"showSkybox":true,"showFlares":true,"showImageEffects":true,"showParticleSystems":true},"in2DMode":false,"pivot":{"x":2.5531399250030519,"y":5.872739791870117,"z":-12.329763412475586},"rotation":{"x":0.2289319783449173,"y":0.017546679824590684,"z":-0.0041192760691046719,"w":0.9733622670173645},"size":0.8372836709022522,"orthographic":false}