{"cameraMode":{"drawMode":0,"name":"Shaded","section":"Shading Mode"},"sceneLighting":false,"audioPlay":false,"sceneViewState":{"showFog":true,"showMaterialUpdate":false,"showSkybox":false,"showFlares":true,"showImageEffects":true,"showParticleSystems":true},"in2DMode":false,"pivot":{"x":-0.3760831952095032,"y":-16.830753326416017,"z":22.046308517456056},"rotation":{"x":-0.30390045046806338,"y":0.03800446540117264,"z":-0.012432994320988655,"w":-0.9520314335823059},"size":22.757667541503908,"orthographic":false}